<?xml version="1.0" encoding="UTF-8"?>
<rss version="2.0" xmlns:sp="http://newsgator.com/xml/sharepoint" xmlns:cf="http://www.microsoft.com/schemas/rss/core/2005" xmlns:ng="http://newsgator.com/schema/extensions" xmlns:wfw="http://wellformedweb.org/CommentAPI/" xmlns:ngix="http://newsgator.com/schema/integration">
  <channel>
    <sp:secured>false</sp:secured>
    <sp:meta source="http://sps.mbww.com/sites/mbg-emea/nordics/DK/list.rss?feed=Announcements" baseTemplate="Announcements" schemaVersion="6" siteID="b67e4c45-39ce-4b98-914b-2006d6058bd2" siteCollectionID="df723b97-b1bd-47f6-91cb-59781325f5a7" listTitle="Announcements" TemplateFeatureId="00bfea71-d1ce-42de-9c63-a44004ce0104" id="def94458-15f2-4c61-8491-7fd15a72ec71" />
    <title>Announcements</title>
    <link>http://sps.mbww.com/sites/mbg-emea/nordics/DK/Lists/Announcements/AllItems.aspx</link>
    <description>Use the Announcements list to post messages on the home page of your site.</description>
    <lastBuildDate>Mon, 06 May 2013 09:25:31 GMT</lastBuildDate>
    <generator>NewsGator-Enhanced Windows SharePoint Services V3 RSS Generator</generator>
    <ttl>60</ttl>
    <item>
      <title>Back Office Kontakter</title>
      <link>http://sps.mbww.com/sites/mbg-emea/nordics/DK/Lists/Announcements/DispForm.aspx?ID=342</link>
      <description>&lt;div class=ExternalClassB42D5A16B4F54E9793C3BC21A242D9E7&gt;&lt;span lang=EN-GB&gt;&lt;font face=Calibri&gt;
&lt;p style="margin:0cm 0cm 0pt" class=MsoNormal&gt;&lt;span lang=SV&gt;&lt;font size=2&gt;** OPDATERET 22-02-13 **&lt;/font&gt;&lt;/span&gt;&lt;/p&gt;
&lt;p style="margin:0cm 0cm 0pt" class=MsoNormal&gt;&lt;font size=3&gt;&lt;span lang=SV&gt;&lt;em&gt;MM = Afdelingsleder&lt;br&gt;&lt;/em&gt;&lt;strong&gt;Allegri, Eva-Lotta&lt;/strong&gt;:&lt;/span&gt;&lt;/font&gt;&lt;/p&gt;
&lt;p style="margin:0cm 0cm 0pt" class=MsoNormal&gt;&lt;font size=3&gt;&lt;span lang=SV&gt;&lt;a href="mailto:Eva-Lotta.Allegri@interpublic.com"&gt;Eva-Lotta.Allegri@interpublic.com&lt;/a&gt;&lt;/span&gt;&lt;/font&gt;&lt;/p&gt;
&lt;p style="margin:0cm 0cm 0pt" class=MsoNormal&gt;&lt;font size=3&gt;&lt;span lang=SV&gt;&lt;span style="line-height:115%;font-family:'Calibri','sans-serif';font-size:10pt" lang=SV&gt;Tel. +46841067651&lt;br&gt;Mobil +46709197251&lt;/span&gt;&lt;/span&gt;&lt;/font&gt;&lt;font size=3&gt;&lt;span lang=SV&gt;&lt;br&gt;&lt;strong&gt;Bergstrom, Birgitta:&lt;/strong&gt;&lt;/p&gt;
&lt;p style="margin:0cm 0cm 0pt" class=MsoNormal&gt;&lt;a href="mailto:Birgitta.Bergstrom@interpublic.com"&gt;Birgitta.Bergstrom@interpublic.com&lt;/a&gt;&lt;/p&gt;
&lt;p style="margin:0cm 0cm 0pt" class=MsoNormal&gt;&lt;/span&gt;&lt;/font&gt; &lt;/p&gt;
&lt;p style="margin:0cm 0cm 0pt" class=MsoNormal&gt;&lt;font size=3&gt;&lt;span lang=SV&gt;&lt;em&gt;GL = Finans (Kunde- og aftaleoprettelse)&lt;/em&gt;&lt;br&gt;&lt;strong&gt;Bohrens, Katarina:&lt;/strong&gt;&lt;/span&gt;&lt;/font&gt;&lt;/p&gt;
&lt;p style="margin:0cm 0cm 0pt" class=MsoNormal&gt;&lt;font size=3&gt;&lt;span lang=SV&gt;&lt;a href="mailto:Katarina.Bohrens@interpublic.com"&gt;Katarina.Bohrens@interpublic.com&lt;/a&gt;&lt;/span&gt;&lt;/font&gt;&lt;/p&gt;
&lt;p style="margin:0cm 0cm 0pt" class=MsoNormal&gt;&lt;font size=3&gt;&lt;span lang=SV&gt;&lt;span style="line-height:115%;font-family:'Calibri','sans-serif';font-size:10pt" lang=SV&gt;Tel. +46841067660&lt;br&gt;Mobil +46709197260&lt;/span&gt;&lt;br&gt;&lt;strong&gt;Danielsson, Sandra:&lt;/strong&gt;&lt;/span&gt;&lt;/font&gt;&lt;/p&gt;
&lt;p style="margin:0cm 0cm 0pt" class=MsoNormal&gt;&lt;font size=3&gt;&lt;span lang=SV&gt;&lt;/span&gt;&lt;/font&gt;&lt;font size=3&gt;&lt;span lang=SV&gt;&lt;a href="mailto:Sandra.Danielsson@interpublic.com"&gt;Sandra.Danielsson@interpublic.com&lt;/a&gt;&lt;/span&gt;&lt;/font&gt;&lt;/p&gt;
&lt;p style="margin:0cm 0cm 0pt" class=MsoNormal&gt;&lt;font size=3&gt;&lt;span lang=SV&gt;&lt;span style="line-height:115%;font-family:'Calibri','sans-serif';font-size:10pt" lang=SV&gt;Tel. +46841067652&lt;br&gt;Mobil +46709197252&lt;/span&gt;&lt;br&gt;&lt;strong&gt;Tuylu, Kerem:&lt;/strong&gt;&lt;/span&gt;&lt;/font&gt;&lt;/p&gt;
&lt;p style="margin:0cm 0cm 0pt" class=MsoNormal&gt;&lt;font size=3&gt;&lt;span lang=SV&gt;&lt;a href="mailto:Kerem.Tuylu@interpublic.com"&gt;Kerem.Tuylu@interpublic.com&lt;/a&gt;&lt;/span&gt;&lt;/font&gt;&lt;/p&gt;&lt;span style="line-height:115%;font-family:'Calibri','sans-serif';font-size:10pt" lang=SV&gt;Tel. +46841067661&lt;br&gt;Mobil +46709197261&lt;/span&gt; 
&lt;p style="margin:0cm 0cm 0pt" class=MsoNormal&gt;&lt;font size=3&gt;&lt;span lang=SV&gt;&lt;/span&gt;&lt;/font&gt; &lt;/p&gt;
&lt;p style="margin:0cm 0cm 0pt" class=MsoNormal&gt;&lt;font size=3&gt;&lt;span lang=SV&gt;&lt;em&gt;SETL = Ind- og udbetalinger&lt;/em&gt;&lt;br&gt;&lt;strong&gt;Bergquist, Evelina:&lt;/strong&gt;&lt;/span&gt;&lt;/font&gt;&lt;/p&gt;
&lt;p style="margin:0cm 0cm 0pt" class=MsoNormal&gt;&lt;font size=3&gt;&lt;span lang=SV&gt;&lt;a href="mailto:Evelina.Bergquist@interpublic.com"&gt;Evelina.Bergquist@interpublic.com&lt;/a&gt;&lt;/span&gt;&lt;/font&gt;&lt;/p&gt;
&lt;p style="margin:0cm 0cm 0pt" class=MsoNormal&gt;&lt;font size=3&gt;&lt;span lang=SV&gt;&lt;span style="line-height:115%;font-family:'Calibri','sans-serif';font-size:10pt" lang=SV&gt;Tel. +46841067658&lt;br&gt;Mobil +46709197258&lt;/span&gt;&lt;/span&gt;&lt;/font&gt;&lt;/p&gt;
&lt;p style="margin:0cm 0cm 0pt" class=MsoNormal&gt;&lt;font size=3&gt;&lt;span lang=SV&gt;&lt;span style="line-height:115%;font-family:'Calibri','sans-serif';font-size:10pt" lang=SV&gt;&lt;/span&gt;&lt;/span&gt;&lt;/font&gt; &lt;/p&gt;
&lt;p style="margin:0cm 0cm 0pt" class=MsoNormal&gt;&lt;font size=3&gt;&lt;span lang=SV&gt;&lt;em&gt;AP = Kreditor (Leverandør, mediefaktura, Amex mv.)&lt;br&gt;&lt;/em&gt;&lt;strong&gt;Emanuelsson, Lotta:&lt;/strong&gt;&lt;/span&gt;&lt;/font&gt;&lt;/p&gt;
&lt;p style="margin:0cm 0cm 0pt" class=MsoNormal&gt;&lt;font size=3&gt;&lt;span lang=SV&gt;&lt;a href="mailto:Lotta.Emanuelsson@interpublic.com"&gt;Lotta.Emanuelsson@interpublic.com&lt;/a&gt;&lt;/span&gt;&lt;/font&gt;&lt;/p&gt;
&lt;p style="margin:0cm 0cm 0pt" class=MsoNormal&gt;&lt;font size=3&gt;&lt;span lang=SV&gt;&lt;span style="line-height:115%;font-family:'Calibri','sans-serif';font-size:10pt" lang=SV&gt;Tel. +46841067662&lt;br&gt;Mobil +46709197262&lt;/span&gt;&lt;br&gt;&lt;strong&gt;Lindgren, Diana:&lt;/strong&gt;&lt;/span&gt;&lt;/font&gt;&lt;/p&gt;
&lt;p style="margin:0cm 0cm 0pt" class=MsoNormal&gt;&lt;font size=3&gt;&lt;span lang=SV&gt;&lt;a href="mailto:Diana.Lindgren@interpublic.com"&gt;Diana.Lindgren@interpublic.com&lt;/a&gt;&lt;br&gt;&lt;span style="line-height:115%;font-family:'Calibri','sans-serif';font-size:10pt" lang=SV&gt;Tel. +46841067653&lt;br&gt;Mobil +46709197253&lt;/span&gt;&lt;/span&gt;&lt;/font&gt;&lt;/p&gt;
&lt;p style="margin:0cm 0cm 0pt" class=MsoNormal&gt;&lt;font size=3&gt;&lt;span lang=SV&gt;&lt;strong&gt;Sivertsen, Betty:&lt;/strong&gt;&lt;/span&gt;&lt;/font&gt;&lt;/p&gt;
&lt;p style="margin:0cm 0cm 0pt" class=MsoNormal&gt;&lt;font size=3&gt;&lt;span lang=SV&gt;&lt;a href="mailto:Betty.Sivertsen@interpublic.com"&gt;Betty.Sivertsen@interpublic.com&lt;/a&gt;&lt;/span&gt;&lt;/font&gt;&lt;/p&gt;
&lt;p style="margin:0cm 0cm 0pt" class=MsoNormal&gt;&lt;font size=3&gt;&lt;span lang=SV&gt;&lt;span style="line-height:115%;font-family:'Calibri','sans-serif';font-size:10pt" lang=SV&gt;Tel. +46841067655&lt;br&gt;Mobil +46709197255&lt;/span&gt;&lt;/span&gt;&lt;/font&gt;&lt;/p&gt;
&lt;p style="margin:0cm 0cm 0pt" class=MsoNormal&gt;&lt;font size=3&gt;&lt;span lang=SV&gt;&lt;/span&gt;&lt;/font&gt; &lt;/p&gt;
&lt;p style="margin:0cm 0cm 0pt" class=MsoNormal&gt;&lt;font size=3&gt;&lt;span lang=SV&gt;&lt;em&gt;AR = Debitor (Fakturering)&lt;br&gt;&lt;/em&gt;&lt;strong&gt;Carlsen, Nina:&lt;/strong&gt;&lt;/span&gt;&lt;/font&gt;&lt;/p&gt;
&lt;p style="margin:0cm 0cm 0pt" class=MsoNormal&gt;&lt;font size=3&gt;&lt;span lang=SV&gt;&lt;a href="mailto:Nina.Carlsen@interpublic.com"&gt;Nina.Carlsen@interpublic.com&lt;/a&gt;&lt;/span&gt;&lt;/font&gt;&lt;/p&gt;
&lt;p style="margin:0cm 0cm 0pt" class=MsoNormal&gt;&lt;font size=3&gt;&lt;span lang=SV&gt;&lt;span style="line-height:115%;font-family:'Calibri','sans-serif';font-size:10pt" lang=SV&gt;Tel. +46841067654&lt;br&gt;Mobil +46709197254&lt;/span&gt;&lt;br&gt;&lt;strong&gt;Holm, Elisabeth:&lt;/strong&gt;&lt;/span&gt;&lt;/font&gt;&lt;/p&gt;
&lt;p style="margin:0cm 0cm 0pt" class=MsoNormal&gt;&lt;font size=3&gt;&lt;span lang=SV&gt;&lt;a href="mailto:Elisabeth.Holm@interpublic.com"&gt;Elisabeth.Holm@interpublic.com&lt;/a&gt;&lt;/span&gt;&lt;/font&gt;&lt;/p&gt;
&lt;p style="margin:0cm 0cm 0pt" class=MsoNormal&gt;&lt;font size=3&gt;&lt;span lang=SV&gt;&lt;span style="line-height:115%;font-family:'Calibri','sans-serif';font-size:10pt" lang=SV&gt;Tel. +46841067657&lt;br&gt;Mobil +46709197257&lt;/span&gt;&lt;br&gt;&lt;strong&gt;Tigerman, Jasna:&lt;/strong&gt;&lt;/span&gt;&lt;/font&gt;&lt;/p&gt;
&lt;p style="margin:0cm 0cm 0pt" class=MsoNormal&gt;&lt;font size=3&gt;&lt;span lang=SV&gt;&lt;a href="mailto:Jasna.Tigerman@interpublic.com"&gt;Jasna.Tigerman@interpublic.com&lt;/a&gt;&lt;/span&gt;&lt;/font&gt;&lt;/p&gt;
&lt;p style="margin:0cm 0cm 0pt" class=MsoNormal&gt;&lt;font size=3&gt;&lt;span lang=SV&gt;&lt;span style="line-height:115%;font-family:'Calibri','sans-serif';font-size:10pt" lang=SV&gt;Tel. +46841067659&lt;br&gt;Mobil +46709197259&lt;/span&gt;&lt;br&gt;&lt;/p&gt;&lt;/span&gt;&lt;/font&gt;&lt;/font&gt;&lt;/span&gt;&lt;/div&gt;</description>
      <author>Hansen, Bo Hansen</author>
      <pubDate ng:dateStr="16. november 2012 07:42">Fri, 16 Nov 2012 13:42:28 GMT</pubDate>
      <guid isPermaLink="true">http://sps.mbww.com/sites/mbg-emea/nordics/DK/Lists/Announcements/DispForm.aspx?ID=342</guid>
      <ng:summary>** OPDATERET 22-02-13 **MM = AfdelingslederAllegri, Eva-Lotta:Eva-Lotta.Allegri@interpublic.comTel. +46841067651Mobil +46709197251Bergstrom, Birgitta:Birgitta.Bergstrom@interpublic.com GL = Finans (Kunde- og aftaleoprettelse)Bohrens, Katarina:Katarina.Bohrens@interpublic.comTel. +46841067660Mobil +46709197260Danielsson, Sandra:Sandra.Danielsson@interpublic.comTel. +46841067652Mobil +46709197252Tuylu, Kerem:Kerem.Tuylu@interpublic.comTel. +46841067661Mobil +46709197261SETL = Ind- og udbetalingerBergquist, Evelina:Evelina.Bergquist@interpublic.comTel. +46841067658Mobil +46709197258AP = Kreditor (Leverandør, mediefaktura, Amex mv.)Emanuelsson, Lotta:Lotta.Emanuelsson@interpublic.comTel. +46841067662Mobil +46709197262Lindgren, Diana:Diana.Lindg...</ng:summary>
      <sp:UniqueId>c3b73197-5d8a-432a-92a2-345a42076e49</sp:UniqueId>
      <category>Announcements</category>
    </item>
    <item>
      <title>Uploade flere filer til NBO.</title>
      <link>http://sps.mbww.com/sites/mbg-emea/nordics/DK/Lists/Announcements/DispForm.aspx?ID=345</link>
      <description>&lt;div class=ExternalClassA23D6AC243C54DF99C8CDCEFF78C5B18&gt;&lt;div&gt;Til de interesserede er der til dette opslag vedhæftet en guide til hvorledes man kan &lt;strong&gt;uploade flere filer til NBO&lt;/strong&gt; systemet.&lt;/div&gt;
&lt;div&gt; &lt;/div&gt;
&lt;div&gt;Guiden forklarer hvordan man laver en enkelt ZIP fil af flere filer der ønskes uploadet.&lt;/div&gt;
&lt;div&gt; &lt;/div&gt;
&lt;div&gt;&lt;em&gt;Vedhætningen er i PDF format.&lt;/em&gt;&lt;/div&gt;&lt;/div&gt;</description>
      <author>Christensen, Lars Daniel (CPH-IUM)</author>
      <pubDate ng:dateStr="21. februar 2013 03:29">Thu, 21 Feb 2013 09:29:49 GMT</pubDate>
      <guid isPermaLink="true">http://sps.mbww.com/sites/mbg-emea/nordics/DK/Lists/Announcements/DispForm.aspx?ID=345</guid>
      <enclosure url="http://sps.mbww.com/sites/mbg-emea/nordics/DK/Lists/Announcements/Attachments/345/How To - Zip files.pdf" length="386109" ng:title="How To - Zip files.pdf"></enclosure>
      <ng:summary>Til de interesserede er der til dette opslag vedhæftet en guide til hvorledes man kan uploade flere filer til NBO systemet.Guiden forklarer hvordan man laver en enkelt ZIP fil af flere filer der ønskes uploadet.Vedhætningen er i PDF format.</ng:summary>
      <sp:UniqueId>31096ac7-1a83-435b-8cff-19362149ff40</sp:UniqueId>
      <category>Announcements</category>
    </item>
    <item>
      <title>Guides til Lync og BT Conferencing</title>
      <link>http://sps.mbww.com/sites/mbg-emea/nordics/DK/Lists/Announcements/DispForm.aspx?ID=343</link>
      <description>&lt;div class=ExternalClass07C97AC220374B728C912AA4308D7810&gt;
&lt;div&gt;Der har været efterspørgsel for guides til afholdelse af møder i begge systemer.&lt;/div&gt;
&lt;div&gt;Her er derfor hhv. en guide til &lt;strong&gt;Lync &lt;/strong&gt;og en til vores &lt;strong&gt;BT Conferencing&lt;/strong&gt; system.&lt;/div&gt;
&lt;div&gt; &lt;/div&gt;
&lt;div&gt;De er begge vedhæftet denne meddelelse og kan hentes ved at klikke på overskriften. Men de kan også findes på vores S: drev (kundedrev) under BT-Lync mappen.&lt;/div&gt;
&lt;div&gt;Den fulde sti er: S:\BT-Lync.&lt;/div&gt;
&lt;div&gt; &lt;/div&gt;
&lt;div&gt;
&lt;div&gt;&lt;strong&gt;NOTE&lt;/strong&gt;: &lt;em&gt;Begrænsningen med 1 møde er pr. BT konto. Ikke på telefon nummeret men ringer til. Noten i guiden er hvis der oprettes en BT konto til hele afdelingen. Har Marvelous f.eks. 1 BT konto til deling er der kun 1 fra Marvelous der kan starte et møde op ad gangen! &lt;/em&gt;&lt;/div&gt;&lt;/div&gt;&lt;/div&gt;</description>
      <author>Christensen, Lars Daniel (CPH-IUM)</author>
      <pubDate ng:dateStr="1. februar 2013 06:50">Fri, 01 Feb 2013 12:50:25 GMT</pubDate>
      <guid isPermaLink="true">http://sps.mbww.com/sites/mbg-emea/nordics/DK/Lists/Announcements/DispForm.aspx?ID=343</guid>
      <enclosure url="http://sps.mbww.com/sites/mbg-emea/nordics/DK/Lists/Announcements/Attachments/343/BT Conferencing Guide.pdf" length="94838" ng:title="BT Conferencing Guide.pdf"></enclosure>
      <enclosure></enclosure>
      <ng:summary>Der har været efterspørgsel for guides til afholdelse af møder i begge systemer.Her er derfor hhv. en guide til Lync og en til vores BT Conferencing system.De er begge vedhæftet denne meddelelse og kan hentes ved at klikke på overskriften. Men de kan også findes på vores S: drev (kundedrev) under BT-Lync mappen.Den fulde sti er: S:\BT-Lync.NOTE: Begrænsningen med 1 møde er pr. BT konto. Ikke på telefon nummeret men ringer til. Noten i guiden er hvis der oprettes en BT konto til hele afdelingen. Har Marvelous f.eks. 1 BT konto til deling er der kun 1 fra Marvelous der kan starte et møde op ad gangen! </ng:summary>
      <sp:UniqueId>e41ea55f-481c-469c-a631-d1f05b7ceb85</sp:UniqueId>
      <category>Announcements</category>
    </item>
    <item>
      <title>Send/Modtag store filer </title>
      <link>http://sps.mbww.com/sites/mbg-emea/nordics/DK/Lists/Announcements/DispForm.aspx?ID=341</link>
      <description>&lt;div class=ExternalClass4100C57E47824F0E90F94A524CFE18E4&gt;IPG tilbyder nu et nyt system til at sende og modtage store filer. Systemet hedder &amp;quot;WebCargo&amp;quot; og er et webbaseret fildelingssystem. 

WebCargo kan findes &lt;a href="https://webcargo.net/ipg"&gt;her&lt;/a&gt; (Link er tilføjet &lt;a href="http://intranet.ium.dk"&gt;Intranettet&lt;/a&gt;).

Vejledning er vedhæftet dette opslag



&lt;/div&gt;</description>
      <author>Hansen, Bo Hansen</author>
      <pubDate ng:dateStr="14. september 2012 02:51">Fri, 14 Sep 2012 07:51:16 GMT</pubDate>
      <guid isPermaLink="true">http://sps.mbww.com/sites/mbg-emea/nordics/DK/Lists/Announcements/DispForm.aspx?ID=341</guid>
      <enclosure url="http://sps.mbww.com/sites/mbg-emea/nordics/DK/Lists/Announcements/Attachments/341/IPG's WebCargo Guide[2].docx" length="757246" ng:title="IPG's WebCargo Guide[2].docx" type="application/msword"></enclosure>
      <ng:summary>IPG tilbyder nu et nyt system til at sende og modtage store filer. Systemet hedder &amp;quot;WebCargo&amp;quot; og er et webbaseret fildelingssystem. 

WebCargo kan findes her (Link er tilføjet Intranettet).

Vejledning er vedhæftet dette opslag



</ng:summary>
      <sp:UniqueId>7f292d10-9882-4711-a1cc-7a6656fd4297</sp:UniqueId>
      <category>Announcements</category>
    </item>
  </channel>
</rss>